,Image_ID,Rating
0,BM11NES.JPG,4
1,AF05HAS.JPG,6
2,BF26NES.JPG,4
3,BF35SAS.JPG,2
4,BM28NES.JPG,3
5,BM13NES.JPG,4
6,BM11HAS.JPG,6
7,AF30NES.JPG,4
8,AM21NES.JPG,4
9,AF24NES.JPG,4
10,AF35HAS.JPG,7
11,AF26SAS.JPG,1
12,BM29HAS.JPG,6
13,AF27HAS.JPG,7
14,BF06HAS.JPG,7
15,BM35SAS.JPG,2
16,BF30HAS.JPG,6
17,AM19SAS.JPG,1
18,AF21SAS.JPG,2
19,BF30SAS.JPG,1
20,BM02NES.JPG,4
21,BF05SAS.JPG,3
22,BF32HAS.JPG,6
23,BM35NES.JPG,4
24,AF09NES.JPG,4
25,AF14HAS.JPG,6
26,BM16SAS.JPG,3
27,BF02HAS.JPG,7
28,BF22NES.JPG,3
29,BF34SAS.JPG,2
30,BM34NES.JPG,4
31,AM25SAS.JPG,2
32,AM04SAS.JPG,3
33,AM20NES.JPG,3
34,AM03HAS.JPG,5
35,AM03NES.JPG,4
36,AF10SAS.JPG,1
37,AF35SAS.JPG,2
38,BF35HAS.JPG,5
39,BM32NES.JPG,4
40,BF24NES.JPG,4
41,AM16SAS.JPG,3
42,BF20HAS.JPG,6
43,BM18SAS.JPG,3
44,BF23NES.JPG,4
45,BF02SAS.JPG,2
46,AM15SAS.JPG,2
47,AM09HAS.JPG,5
48,BF09NES.JPG,4
49,BF10HAS.JPG,6
50,AF03NES.JPG,4
51,BF17SAS.JPG,1
52,AM07NES.JPG,4
53,AM35NES.JPG,4
54,AF02NES.JPG,4
55,AM04NES.JPG,4
56,BF25HAS.JPG,6
57,BM30NES.JPG,3
58,BM09SAS.JPG,3
59,AF11HAS.JPG,7
60,BM18NES.JPG,5
61,BF10SAS.JPG,2
62,BF33HAS.JPG,7
63,BM21NES.JPG,4
64,AF14SAS.JPG,3
65,AM17NES.JPG,4
66,BF08SAS.JPG,2
67,BF09HAS.JPG,5
68,AF22SAS.JPG,2
69,BM06SAS.JPG,1
70,AF04NES.JPG,4
71,AF27NES.JPG,4
72,BM21SAS.JPG,4
73,AF01HAS.JPG,5
74,AM34NES.JPG,4
75,AM17HAS.JPG,6
76,AF24HAS.JPG,7
77,BF33SAS.JPG,2
78,AF28NES.JPG,4
79,BF21HAS.JPG,6
80,BF11SAS.JPG,3
81,AM03SAS.JPG,2
82,BF13SAS.JPG,2
83,BF11HAS.JPG,6
84,AF08NES.JPG,4
85,AF22NES.JPG,4
86,BF12HAS.JPG,5
87,BF04HAS.JPG,7
88,AM21SAS.JPG,3
89,BF03SAS.JPG,2
90,AM16HAS.JPG,7
91,BM22HAS.JPG,6
92,AF02SAS.JPG,3
93,AM28HAS.JPG,5
94,BM23HAS.JPG,6
95,AF12SAS.JPG,3
96,BM27HAS.JPG,5
97,BM03SAS.JPG,1
98,BM20SAS.JPG,1
99,AF18HAS.JPG,7
100,AF29NES.JPG,4
101,AM06SAS.JPG,3
102,BF07HAS.JPG,6
103,BM07SAS.JPG,3
104,BF29NES.JPG,4
105,AM02SAS.JPG,3
106,BF34HAS.JPG,6
107,AF16NES.JPG,4
108,AM12NES.JPG,4
109,AF20HAS.JPG,6
110,AF33NES.JPG,4
111,BF19NES.JPG,4
112,BM15NES.JPG,4
113,AF01SAS.JPG,3
114,AF07SAS.JPG,2
115,BM29NES.JPG,4
116,AM27HAS.JPG,5
117,BF18SAS.JPG,3
118,BM26NES.JPG,4
119,BF26SAS.JPG,2
120,BF03HAS.JPG,5
121,AF32SAS.JPG,2
122,AF26NES.JPG,4
123,BF03NES.JPG,3
124,BM11SAS.JPG,3
125,BF10NES.JPG,4
126,AF33HAS.JPG,7
127,AF08HAS.JPG,4
128,BF28NES.JPG,4
129,AF07NES.JPG,4
130,BF04SAS.JPG,3
131,BM14HAS.JPG,5
132,AF03SAS.JPG,2
133,AF27SAS.JPG,3
134,BF30NES.JPG,4
135,AF06SAS.JPG,1
136,AM10HAS.JPG,6
137,AM15NES.JPG,4
138,BM08NES.JPG,4
139,AF17HAS.JPG,6
140,AM24NES.JPG,4
141,BF29HAS.JPG,6
142,BF18NES.JPG,5
143,BF17NES.JPG,5
144,AM14SAS.JPG,3
145,BM19SAS.JPG,1
146,AM30SAS.JPG,3
147,BF25SAS.JPG,2
148,AF15NES.JPG,3
149,AM32HAS.JPG,6
150,BM04SAS.JPG,3
151,BM22NES.JPG,4
152,AF20NES.JPG,4
153,BM34SAS.JPG,1
154,AM14HAS.JPG,5
155,AF14NES.JPG,4
156,BM32HAS.JPG,6
157,BF18HAS.JPG,5
158,BM10SAS.JPG,2
159,AF17NES.JPG,5
160,AM05HAS.JPG,7
161,BM12NES.JPG,3
162,AM11HAS.JPG,5
163,BM31HAS.JPG,5
164,AM28SAS.JPG,2
165,AF29SAS.JPG,2
166,BM14NES.JPG,4
167,BF20SAS.JPG,2
168,BM06HAS.JPG,6
169,BM20HAS.JPG,6
170,BM06NES.JPG,4
171,AF13HAS.JPG,6
172,BM19HAS.JPG,5
173,BM10NES.JPG,4
174,AF12NES.JPG,4
175,AF16HAS.JPG,5
176,AF10NES.JPG,4
177,BM31SAS.JPG,3
178,AM26HAS.JPG,6
179,AM09SAS.JPG,2
180,AF28SAS.JPG,3
181,AM10NES.JPG,4
182,BM12HAS.JPG,7
183,AF09HAS.JPG,5
184,BF32NES.JPG,4
185,BF19SAS.JPG,3
186,BF19HAS.JPG,5
187,AF06NES.JPG,4
188,AM23SAS.JPG,2
189,AM13HAS.JPG,6
190,AM33NES.JPG,4
191,BM28HAS.JPG,6
192,AM29HAS.JPG,6
193,BF06SAS.JPG,1
194,AM26SAS.JPG,3
195,AF18SAS.JPG,3
196,AM23NES.JPG,4
197,AM17SAS.JPG,1
198,BM33NES.JPG,4
199,BF23SAS.JPG,3
200,BM01NES.JPG,4
201,AM08NES.JPG,4
202,BF20NES.JPG,4
203,AM22HAS.JPG,7
204,AF26HAS.JPG,7
205,AM24SAS.JPG,2
206,AM31HAS.JPG,5
207,AM35HAS.JPG,5
208,BM26HAS.JPG,6
209,AM34SAS.JPG,1
210,BM08HAS.JPG,6
211,AM30HAS.JPG,6
212,BF16SAS.JPG,3
213,BF05HAS.JPG,6
214,BM33HAS.JPG,7
215,BM07NES.JPG,4
216,AM08SAS.JPG,3
217,BM05SAS.JPG,2
218,AM07HAS.JPG,7
219,AM19NES.JPG,4
220,BM19NES.JPG,3
221,AM25NES.JPG,4
222,BF14HAS.JPG,6
223,BM24NES.JPG,4
224,BM24SAS.JPG,2
225,AF13SAS.JPG,2
226,BF29SAS.JPG,3
227,BF15SAS.JPG,1
228,BM15HAS.JPG,6
229,AM08HAS.JPG,7
230,AM01HAS.JPG,7
231,AM19HAS.JPG,5
232,BM05NES.JPG,4
233,BM10HAS.JPG,6
234,BM02SAS.JPG,3
235,AF09SAS.JPG,3
236,AM29NES.JPG,4
237,BF17HAS.JPG,7
238,AM20HAS.JPG,7
239,BM03NES.JPG,4
240,BM24HAS.JPG,6
241,BF05NES.JPG,5
242,AM27SAS.JPG,2
243,AM10SAS.JPG,3
244,BM23NES.JPG,3
245,AM26NES.JPG,4
246,BF13HAS.JPG,5
247,BM01SAS.JPG,2
248,BM03HAS.JPG,6
249,AM35SAS.JPG,2
250,BM30SAS.JPG,3
251,AF17SAS.JPG,1
252,BM32SAS.JPG,1
253,AF34HAS.JPG,7
254,AM31SAS.JPG,2
255,AM34HAS.JPG,5
256,AF19SAS.JPG,4
257,AF08SAS.JPG,3
258,BM33SAS.JPG,3
259,AM33SAS.JPG,3
260,BM02HAS.JPG,5
261,AM01SAS.JPG,3
262,AM18SAS.JPG,2
263,AF05SAS.JPG,3
264,AM13SAS.JPG,3
265,AM09NES.JPG,4
266,AM11SAS.JPG,2
267,AM33HAS.JPG,5
268,AM23HAS.JPG,6
269,BF01HAS.JPG,7
270,BF35NES.JPG,5
271,BM29SAS.JPG,3
272,BF22HAS.JPG,7
273,BF09SAS.JPG,2
274,AF16SAS.JPG,3
275,AF30SAS.JPG,1
276,AM32NES.JPG,3
277,AM24HAS.JPG,6
278,BF21NES.JPG,4
279,AM32SAS.JPG,1
280,AM21HAS.JPG,6
281,AF10HAS.JPG,5
282,BF26HAS.JPG,6
283,BM09HAS.JPG,5
284,BM35HAS.JPG,6
285,AF22HAS.JPG,7
286,AF13NES.JPG,5
287,BF31HAS.JPG,7
288,AF32HAS.JPG,7
289,BF16HAS.JPG,5
290,AM02NES.JPG,4
291,AF32NES.JPG,4
292,BM27SAS.JPG,3
293,AF21HAS.JPG,6
294,AM14NES.JPG,5
295,BF25NES.JPG,4
296,AF28HAS.JPG,5
297,BM01HAS.JPG,6
298,AF07HAS.JPG,7
299,BM25HAS.JPG,7
300,BM15SAS.JPG,1
301,BM17SAS.JPG,1
302,BM13HAS.JPG,5
303,BM16HAS.JPG,7
304,BF07SAS.JPG,2
305,AM06NES.JPG,4
306,AF29HAS.JPG,6
307,AF18NES.JPG,5
308,AF31NES.JPG,4
309,AF24SAS.JPG,3
310,AF25HAS.JPG,7
311,AM06HAS.JPG,7
312,BM26SAS.JPG,3
313,AM04HAS.JPG,6
314,AM13NES.JPG,5
315,BM07HAS.JPG,7
316,AM07SAS.JPG,3
317,AF21NES.JPG,4
318,AM30NES.JPG,4
319,BF28SAS.JPG,2
320,BF06NES.JPG,4
321,BM25SAS.JPG,1
322,BF02NES.JPG,4
323,AM18HAS.JPG,5
324,AF34SAS.JPG,2
325,BF13NES.JPG,5
326,BF27SAS.JPG,3
327,BM27NES.JPG,3
328,BF24HAS.JPG,6
329,AM27NES.JPG,4
330,AF19HAS.JPG,7
331,BF01NES.JPG,4
332,AF11NES.JPG,4
333,BM23SAS.JPG,1
334,AF05NES.JPG,4
335,AF31HAS.JPG,5
336,AF20SAS.JPG,2
337,AM05SAS.JPG,1
338,AF25NES.JPG,4
339,AF12HAS.JPG,5
340,BM18HAS.JPG,6
341,AF35NES.JPG,4
342,AM02HAS.JPG,6
343,AM15HAS.JPG,7
344,BF34NES.JPG,5
345,BF31NES.JPG,4
346,AF04HAS.JPG,5
347,BF04NES.JPG,4
348,BF31SAS.JPG,3
349,AM25HAS.JPG,7
350,AM18NES.JPG,4
351,BF16NES.JPG,4
352,BF14NES.JPG,4
353,AF06HAS.JPG,6
354,AF31SAS.JPG,2
355,BF33NES.JPG,4
356,BF23HAS.JPG,5
357,AM31NES.JPG,4
358,BM25NES.JPG,4
359,BM04HAS.JPG,6
360,BM13SAS.JPG,2
361,BM09NES.JPG,4
362,BM14SAS.JPG,3
363,BF28HAS.JPG,7
364,BF01SAS.JPG,3
365,AF25SAS.JPG,3
366,BM28SAS.JPG,1
367,BF14SAS.JPG,4
368,BM21HAS.JPG,5
369,BM16NES.JPG,4
370,AM29SAS.JPG,3
371,BF07NES.JPG,5
372,BM04NES.JPG,4
373,AF03HAS.JPG,5
374,BF32SAS.JPG,3
375,BM34HAS.JPG,5
376,BM05HAS.JPG,6
377,BF24SAS.JPG,2
378,AF34NES.JPG,4
379,BF21SAS.JPG,2
380,BF15HAS.JPG,7
381,AF23NES.JPG,4
382,BM22SAS.JPG,3
383,BF27HAS.JPG,7
384,BM08SAS.JPG,3
385,BF08HAS.JPG,7
386,AF15HAS.JPG,6
387,AM05NES.JPG,4
388,AM28NES.JPG,4
389,AM16NES.JPG,4
390,BF22SAS.JPG,3
391,AF23HAS.JPG,5
392,BF08NES.JPG,4
393,AM12SAS.JPG,2
394,AF04SAS.JPG,2
395,BM20NES.JPG,3
396,BF12SAS.JPG,2
397,AF02HAS.JPG,7
398,AF11SAS.JPG,3
399,AM22NES.JPG,3
400,BF27NES.JPG,4
401,AF33SAS.JPG,2
402,BF15NES.JPG,4
403,AF01NES.JPG,4
404,AF19NES.JPG,4
405,AF23SAS.JPG,4
406,BM12SAS.JPG,3
407,AM12HAS.JPG,7
408,BM17NES.JPG,3
409,BM17HAS.JPG,7
410,AM01NES.JPG,4
411,AF30HAS.JPG,7
412,BM31NES.JPG,4
413,AM11NES.JPG,4
414,AM20SAS.JPG,2
415,BF11NES.JPG,4
416,BM30HAS.JPG,5
417,AF15SAS.JPG,2
418,BF12NES.JPG,4
419,AM22SAS.JPG,2
